{"cameraMode":{"drawMode":0,"name":"Shaded","section":"Shading Mode"},"sceneLighting":true,"audioPlay":false,"sceneViewState":{"showFog":true,"showMaterialUpdate":false,"showSkybox":true,"showFlares":false,"showImageEffects":false,"showParticleSystems":true},"in2DMode":false,"pivot":{"x":65.71036529541016,"y":-552.3428344726563,"z":661.011962890625},"rotation":{"x":0.4543074071407318,"y":0.030723126605153085,"z":-0.015679938718676568,"w":0.890177845954895},"size":408.97320556640627,"orthographic":false}